{
  "11": {
    "lessonId": 11,
    "items": [
      {
        "id": "q1",
        "type": "single",
        "stem": "`let` este re-asignabil?",
        "options": [
          "da",
          "nu"
        ],
        "correct": [
          0
        ]
      }
    ]
  },
  "12": {
    "lessonId": 12,
    "items": [
      {
        "id": "q1",
        "type": "single",
        "stem": "`var` are scope?",
        "options": [
          "bloc",
          "func\u021bie"
        ],
        "correct": [
          1
        ]
      }
    ]
  },
  "21": {
    "lessonId": 21,
    "items": [
      {
        "id": "q1",
        "type": "single",
        "stem": "Ce status indic\u0103 success?",
        "options": [
          "200",
          "404"
        ],
        "correct": [
          0
        ]
      }
    ]
  }
}