[
  {
    "id": 1,
    "title": "Introducere JS",
    "lang": "ro",
    "summary": "Bazele limbajului JavaScript",
    "tags": [
      "js",
      "intro"
    ],
    "lessons": 3
  },
  {
    "id": 2,
    "title": "CSS Avansat",
    "lang": "ro",
    "summary": "Layout, Flex \u0219i Grid",
    "tags": [
      "css",
      "layout"
    ],
    "lessons": 4
  },
  {
    "id": 3,
    "title": "Web API Basics",
    "lang": "en",
    "summary": "Fetch, JSON \u0219i REST",
    "tags": [
      "api",
      "http"
    ],
    "lessons": 2
  }
]